RAW-1424	Hộp Pizza Gập
RAW-1425	Syrup Torani Ổi
RAW-1426	Syrup Torani Việt Quất
RAW-1427	Syrup Torani Bạc Hà
RAW-1428	Syrup Maulin Táo
RAW-1429	Syrup Maulin Dâu
RAW-1430	Bánh tráng cây tre
RAW-1431	Đậu hà lan
RAW-1432	Bộ thẻ rung
RAW-1433	Tủ lạnh Sanaky VH 1520HP3
RAW-1434	Thùng rác vải đen
RAW-1435	Vacxin 4 bệnh cho mèo
RAW-1436	Ruột ốc bươu
RAW-1437	Cá rô phi
RAW-1439	Túi giấy đựng thực phẩm
RAW-1440	Hộp giấy kraft đựng thực phẩm
RAW-1441	Bộ Đàm
RAW-1442	Nồi Áp Suất
RAW-1443	Đồng phục nhân viên BKL
RAW-1444	Dĩa con gà
RAW-1445	Tộ đất nhỏ
RAW-1446	Chén đựng nước chấm con gà size nhỏ
RAW-1447	Mẹt tre size 70cm
RAW-1448	Bánh gà nhân phô mai
RAW-1449	Xúc xích BD
RAW-1450	Ổi hồng
RAW-1451	Ấm siêu tốc
RAW-1452	Hành tây Caramel BTP PZG
RAW-1453	Nệm thuận thành: 1m6 x 2m
RAW-1454	Chăn 1m8
RAW-1455	Xe máy cũ
RAW-1456	Quạt gió đứng
RAW-1457	Tủ tài liệu 135x145x183cm
RAW-1458	Bảng hiệu văn phòng: 25x12 (mica)
RAW-1459	Bàn sân vườn đôi
RAW-1460	Ghế sân vườn
RAW-1461	Tủ đông hòa phát 245L HPF BD6245
RAW-1462	Cỏ nhung
RAW-1463	Gạch lát ban công TASA 2401 OUTDOOR GRANITE
RAW-1464	Tủ lavabo Deluxe Living 94x56x8cm
RAW-1465	Bếp chiên nhúng đôi
RAW-1466	Thùng đựng dù
RAW-1467	Bàn ủi hơi nước
RAW-1468	Bình hoa thủy tinh
RAW-1469	Tấm lót ghế
RAW-1470	Tấm lót đĩa
RAW-1471	Khăn ăn
RAW-1472	Bảng tên
RAW-1473	Áo sơ mi cổ trụ
RAW-1477	Ly vang 370nl
RAW-1478	Đèn bàn Led cảm biến cảm ứng không dây
RAW-1479	Ghế xoay văn phòng lưng lưới
RAW-1481	Sim Viettel Data
RAW-1482	Hộp Pizza Gập size mini
RAW-1483	Hộp Pizza Gập set 4
RAW-1484	Giấy nến 30x30 in lolo Pizza Gập
RAW-1486	Bảng tên mica xanh dương 14x7,5cm
RAW-1487	Bảng tên mica xanh dương 30x10cm
RAW-1488	Hạt giống hoa cải vàng
RAW-1489	Hạt giống cỏ lục lạc sợi vàng
RAW-1490	Hạt giống bồ công anh Đà Lạt
RAW-1491	Hạt giống cỏ mèo
RAW-1492	Hạt giống cỏ hồng Hàn Quốc
RAW-1493	Hạt giống bắp đỏ
RAW-1494	Nệm thanh lý 1m6x2m
RAW-1495	Nấm nục
RAW-1496	Củ hành tây baby
RAW-1497	Đậu que Đà Lạt
RAW-1498	Dưa leo Nhật
RAW-1499	Lá me
RAW-1500	Quả mâm xôi
RAW-1501	Củ thì là
RAW-1502	Rau xà lách Iceberg
RAW-1503	Củ khoai lang tím
RAW-1504	Nấm đùi gà baby
RAW-1505	Bí ngòi xanh
RAW-1506	Bí ngòi vàng
RAW-1507	Củ tỏi lý sơn
RAW-1508	Bột mì 00
RAW-1509	Rượu Cognac
RAW-1510	Gạo lức
RAW-1511	Cá ngừ lon
RAW-1512	Đậu óc chó
RAW-1513	Bột su
RAW-1514	Phô mai dê
RAW-1515	Nụ bạch hoa
RAW-1516	Phô mai Emmental
RAW-1517	Phô mai Burrata
RAW-1518	Dây dù cuộn
RAW-1519	Thịt bò Tenderloin
RAW-1520	Thịt đùi vịt
RAW-1521	Vẹm xanh lớn
RAW-1522	Mực nang lớn